Bee_Genus	Snod_se	Gill_se	Lacto_se	Comm_se	n	Symbiont	AbsAbundance	SE
Austroplebeia	NA	NA	NA	NA	1	Snodgrassella	0	NA
Austroplebeia	NA	NA	NA	NA	1	Gilliamella	0	NA
Austroplebeia	NA	NA	NA	NA	1	Lactobacillus	404.626886299719	NA
Austroplebeia	NA	NA	NA	NA	1	Commensalibacter	0	NA
Duckeola	NA	NA	NA	NA	1	Snodgrassella	184035.886425695	NA
Duckeola	NA	NA	NA	NA	1	Gilliamella	1067836.13170258	NA
Duckeola	NA	NA	NA	NA	1	Lactobacillus	384121.414109444	NA
Duckeola	NA	NA	NA	NA	1	Commensalibacter	541407.898438381	NA
Eomelipona	253.962131530031	0	502999.124521685	3336.59505220922	2	Snodgrassella	253.962131530031	253.962131530031
Eomelipona	253.962131530031	0	502999.124521685	3336.59505220922	2	Gilliamella	0	0
Eomelipona	253.962131530031	0	502999.124521685	3336.59505220922	2	Lactobacillus	551781.972486358	502999.124521685
Eomelipona	253.962131530031	0	502999.124521685	3336.59505220922	2	Commensalibacter	3657.53484145049	3336.59505220922
Frieseomelitta	NA	NA	NA	NA	1	Snodgrassella	NA	NA
Frieseomelitta	NA	NA	NA	NA	1	Gilliamella	NA	NA
Frieseomelitta	NA	NA	NA	NA	1	Lactobacillus	NA	NA
Frieseomelitta	NA	NA	NA	NA	1	Commensalibacter	NA	NA
Geotrigona	NA	NA	NA	NA	1	Snodgrassella	0	NA
Geotrigona	NA	NA	NA	NA	1	Gilliamella	0	NA
Geotrigona	NA	NA	NA	NA	1	Lactobacillus	43645.0694529286	NA
Geotrigona	NA	NA	NA	NA	1	Commensalibacter	201696.827946903	NA
Heterotrigona	NA	NA	NA	NA	1	Snodgrassella	4.69246453182002	NA
Heterotrigona	NA	NA	NA	NA	1	Gilliamella	0	NA
Heterotrigona	NA	NA	NA	NA	1	Lactobacillus	653.425686055938	NA
Heterotrigona	NA	NA	NA	NA	1	Commensalibacter	1418.2974047426	NA
Lestrimelitta	14547.3179601711	15646.369295557	38681.384113557	0	2	Snodgrassella	19623.4900429969	14547.3179601711
Lestrimelitta	14547.3179601711	15646.369295557	38681.384113557	0	2	Gilliamella	24831.4298558493	15646.369295557
Lestrimelitta	14547.3179601711	15646.369295557	38681.384113557	0	2	Lactobacillus	39053.4162694644	38681.384113557
Lestrimelitta	14547.3179601711	15646.369295557	38681.384113557	0	2	Commensalibacter	0	0
Melikerria	0	0	1889015.65637221	24.2754294524669	2	Snodgrassella	0	0
Melikerria	0	0	1889015.65637221	24.2754294524669	2	Gilliamella	0	0
Melikerria	0	0	1889015.65637221	24.2754294524669	2	Lactobacillus	2332763.1926287	1889015.65637221
Melikerria	0	0	1889015.65637221	24.2754294524669	2	Commensalibacter	24.2754294524669	24.2754294524669
Meliponula	NA	NA	NA	NA	1	Snodgrassella	0	NA
Meliponula	NA	NA	NA	NA	1	Gilliamella	0	NA
Meliponula	NA	NA	NA	NA	1	Lactobacillus	485599.005112545	NA
Meliponula	NA	NA	NA	NA	1	Commensalibacter	0	NA
Michmelia	NA	NA	NA	NA	1	Snodgrassella	0	NA
Michmelia	NA	NA	NA	NA	1	Gilliamella	0	NA
Michmelia	NA	NA	NA	NA	1	Lactobacillus	12872319.5597954	NA
Michmelia	NA	NA	NA	NA	1	Commensalibacter	0	NA
Nannotrigona	11.5826729528035	0	1752443.62999891	27.2188597560976	2	Snodgrassella	11.5826729528036	11.5826729528035
Nannotrigona	11.5826729528035	0	1752443.62999891	27.2188597560976	2	Gilliamella	0	0
Nannotrigona	11.5826729528035	0	1752443.62999891	27.2188597560976	2	Lactobacillus	1757099.86452594	1752443.62999891
Nannotrigona	11.5826729528035	0	1752443.62999891	27.2188597560976	2	Commensalibacter	27.2188597560976	27.2188597560976
Oxytrigona	2032.62318167615	877.058738527785	1193960.78306961	978997.503608387	2	Snodgrassella	2434.65715011488	2032.62318167615
Oxytrigona	2032.62318167615	877.058738527785	1193960.78306961	978997.503608387	2	Gilliamella	1271.06285522222	877.058738527785
Oxytrigona	2032.62318167615	877.058738527785	1193960.78306961	978997.503608387	2	Lactobacillus	1457351.81370199	1193960.78306961
Oxytrigona	2032.62318167615	877.058738527785	1193960.78306961	978997.503608387	2	Commensalibacter	1149613.526794	978997.503608387
Sundatrigona	NA	NA	NA	NA	1	Snodgrassella	767.703732890917	NA
Sundatrigona	NA	NA	NA	NA	1	Gilliamella	0	NA
Sundatrigona	NA	NA	NA	NA	1	Lactobacillus	39152.8903774367	NA
Sundatrigona	NA	NA	NA	NA	1	Commensalibacter	0	NA
Tetragona	NA	NA	NA	NA	1	Snodgrassella	162479.38530006	NA
Tetragona	NA	NA	NA	NA	1	Gilliamella	315098.544051568	NA
Tetragona	NA	NA	NA	NA	1	Lactobacillus	144473.754211399	NA
Tetragona	NA	NA	NA	NA	1	Commensalibacter	431277.735123643	NA
Tetragonisca	68991.2762959337	87852.8038373494	2110.30325865377	0	2	Snodgrassella	68991.2762959338	68991.2762959337
Tetragonisca	68991.2762959337	87852.8038373494	2110.30325865377	0	2	Gilliamella	87852.8038373494	87852.8038373494
Tetragonisca	68991.2762959337	87852.8038373494	2110.30325865377	0	2	Lactobacillus	4457.51557491883	2110.30325865377
Tetragonisca	68991.2762959337	87852.8038373494	2110.30325865377	0	2	Commensalibacter	0	0
Tetragonula	53472.9003625362	1920.58107865731	168790.649480233	0	3	Snodgrassella	65275.0817219961	53472.9003625362
Tetragonula	53472.9003625362	1920.58107865731	168790.649480233	0	3	Gilliamella	1920.58107865731	1920.58107865731
Tetragonula	53472.9003625362	1920.58107865731	168790.649480233	0	3	Lactobacillus	237955.395161491	168790.649480233
Tetragonula	53472.9003625362	1920.58107865731	168790.649480233	0	3	Commensalibacter	0	0
Trigona	225680.780689104	253793.128215222	132058.900658893	64683.4605931686	4	Snodgrassella	640723.47243047	225680.780689104
Trigona	225680.780689104	253793.128215222	132058.900658893	64683.4605931686	4	Gilliamella	319661.771816575	253793.128215222
Trigona	225680.780689104	253793.128215222	132058.900658893	64683.4605931686	4	Lactobacillus	265266.903993289	132058.900658893
Trigona	225680.780689104	253793.128215222	132058.900658893	64683.4605931686	4	Commensalibacter	107835.404160907	64683.4605931686
Trigonisca	NA	NA	NA	NA	1	Snodgrassella	353.12942511425	NA
Trigonisca	NA	NA	NA	NA	1	Gilliamella	0	NA
Trigonisca	NA	NA	NA	NA	1	Lactobacillus	7608.33397746157	NA
Trigonisca	NA	NA	NA	NA	1	Commensalibacter	0	NA
