SampleID;Mean_Conc
M001;691,8123
M001;691,8123
M001;691,8123
M002;686,3906
M002;686,3906
M002;686,3906
M003;122,3568
M003;122,3568
M003;122,3568
M004;98,7083
M004;98,7083
M004;98,7083
M005;441,0266
M005;441,0266
M005;441,0266
M006;138,0336
M006;138,0336
M006;138,0336
M007;39698,8807
M007;39698,8807
M007;39698,8807
M008;8229,1305
M008;8229,1305
M008;8229,1305
M009;3897,6362
M009;3897,6362
M009;3897,6362
M010;7996,405
M010;7996,405
M010;7996,405
M011;11163,3795
M011;11163,3795
M011;11163,3795
M012;732,4325
M012;732,4325
M012;732,4325
M013;39779,2401
M013;39779,2401
M013;39779,2401
M014;918,5717
M014;918,5717
M014;918,5717
M015;813,9023
M015;813,9023
M015;813,9023
M016;30697,0175
M016;30697,0175
M016;30697,0175
M017;2462,0696
M017;2462,0696
M017;2462,0696
M018;17743,1225
M018;17743,1225
M018;17743,1225
M019;5484,248
M019;5484,248
M019;5484,248
M020;14698,6622
M020;14698,6622
M020;14698,6622
M021;77,1754
M021;77,1754
M021;77,1754
M022;315,7622
M022;315,7622
M022;315,7622
M023;22946,1485
M023;22946,1485
M023;22946,1485
M024;313,5164
M024;313,5164
M024;313,5164
M025;180,802
M025;180,802
M025;180,802
M026;53,6556
M026;53,6556
M026;53,6556
M027;14,6172
M027;14,6172
M027;14,6172
M028;9882,8719
M028;9882,8719
M028;9882,8719
M029;479,5792
M029;479,5792
M029;479,5792
M030;0,8193
M030;0,8193
M030;0,8193
M031;0,0199
M031;0,0199
M031;0,0199
M032;153,6715
M032;153,6715
M032;153,6715
M033;324,6232
M033;324,6232
M033;324,6232
M034;21,6659
M034;21,6659
M034;21,6659
M035;55890,0133
M035;55890,0133
M035;55890,0133
M036;141,9195
M036;141,9195
M036;141,9195
M037;8017,8627
M037;8017,8627
M037;8017,8627
M038;17260,8818
M038;17260,8818
M038;17260,8818
M039;66205,4381
M039;66205,4381
M039;66205,4381
M040;0,2232
M040;0,2232
M040;0,2232
M041;0,9375
M041;0,9375
M041;0,9375
M042;0,3741
M042;0,3741
M042;0,3741
M043;0,0325
M043;0,0325
M043;0,0325
M044;0,3889
M044;0,3889
M044;0,3889
M045;54810,8465
M045;54810,8465
M045;54810,8465
M046;88490,9478
M046;88490,9478
M046;88490,9478
M047;12910,6457
M047;12910,6457
M047;12910,6457
M048;5,0626
M048;5,0626
M048;5,0626
M049;45266,6966
M049;45266,6966
M049;45266,6966
M050;0,4303
M050;0,4303
M050;0,4303
M051;12,7779
M051;12,7779
M051;12,7779
M052;194736,0007
M052;194736,0007
M052;194736,0007
M053;352864,7738
M053;352864,7738
M053;352864,7738
M054;213910,0277
M054;213910,0277
M054;213910,0277
M055;64494,583
M055;64494,583
M055;
M056;12221,5539
M056;12221,5539
M056;12221,5539
M057;531,2737
M057;531,2737
M057;531,2737
M058;21318,9604
M058;21318,9604
M058;21318,9604
M059;42841,8504
M059;42841,8504
M059;42841,8504
M060;662,8303
M060;662,8303
M060;662,8303
M061;6,8336
M061;6,8336
M061;6,8336
M062;0,5617
M062;0,5617
M062;0,5617
M063;2844,1229
M063;2844,1229
M063;2844,1229
M064;0,6962
M064;0,6962
M064;0,6962
M065;2,2701
M065;2,2701
M065;2,2701
M066;1,2862
M066;1,2862
M066;1,2862
M067;0,2896
M067;0,2896
M067;0,2896
M068;0,1979
M068;0,1979
M068;0,1979
M069;0,1717
M069;0,1717
M069;0,1717
M070;1531,3838
M070;1531,3838
M070;1531,3838
M071;2493,957
M071;2493,957
M071;2493,957
M072;11,5387
M072;11,5387
M072;11,5387
M073;0,0651
M073;0,0651
M073;0,0651
M074;0,1537
M074;0,1537
M074;0,1537
M075;3927,5783
M075;3927,5783
M075;3927,5783
M076;18741,6855
M076;18741,6855
M076;18741,6855
M077;35,8088
M077;35,8088
M077;35,8088
M078;6236,6704
M078;6236,6704
M078;6236,6704
M079;543,0016
M079;543,0016
M079;543,0016
M080;4265,5903
M080;4265,5903
M080;4265,5903
M081;11132,4927
M081;11132,4927
M081;11132,4927
M082;102169,8232
M082;102169,8232
M082;102169,8232
M083;5,148
M083;5,148
M083;5,148
M084;0,2616
M084;0,2616
M084;0,2616
M085;8223,7308
M085;8223,7308
M085;8223,7308
M086;80308,4616
M086;80308,4616
M086;80308,4616
M087;28431,7489
M087;28431,7489
M087;28431,7489
M088;24411,1899
M088;24411,1899
M088;24411,1899
M089;63074,6953
M089;63074,6953
M089;63074,6953
M090;14493,8346
M090;14493,8346
M090;14493,8346
M091;657,9185
M091;657,9185
M091;657,9185
M092;13428,9817
M092;13428,9817
M092;13428,9817
M093;167429,3806
M093;167429,3806
M093;167429,3806
M094;12969,6065
M094;12969,6065
M094;12969,6065
M095;45795,5936
M095;45795,5936
M095;45795,5936
M096;20449,167
M096;20449,167
M096;20449,167
M097;861435,2229
M097;861435,2229
M097;861435,2229
M098;274418,3578
M098;274418,3578
M098;274418,3578
M099;3254,7747
M099;3254,7747
M099;3254,7747
M100;65578,5589
M100;65578,5589
M100;65578,5589
M101;117740,2827
M101;117740,2827
M101;117740,2827
M102;8,8129
M102;8,8129
M102;8,8129
M103;852,9277
M103;852,9277
M103;852,9277
M104;23,8587
M104;23,8587
M104;23,8587
M105;18,8386
M105;18,8386
M105;18,8386
M106;164,6201
M106;164,6201
M106;164,6201
M107;780273,5805
M107;780273,5805
M107;780273,5805
M108;143771,5421
M108;143771,5421
M108;143771,5421
M109;129475,5637
M109;129475,5637
M109;129475,5637
M110;75147,5075
M110;75147,5075
M110;75147,5075
M111;5304,1047
M111;5304,1047
M111;5304,1047
M112;116179,2195
M112;116179,2195
M112;116179,2195
M113;49018,4736
M113;49018,4736
M113;49018,4736
M114;118271,8836
M114;118271,8836
M114;118271,8836
M115;5289,0151
M115;5289,0151
M115;5289,0151
M116;6889,1868
M116;6889,1868
M116;6889,1868
M117;43563,6666
M117;43563,6666
M117;43563,6666
M118;968,2059
M118;968,2059
M118;968,2059
M119;280,8743
M119;280,8743
M119;280,8743
M120;7804,2232
M120;7804,2232
M120;7804,2232
M121;411868,9204
M121;411868,9204
M121;411868,9204
M122;1052404,648
M122;1052404,648
M122;1052404,648
M123;1096,6057
M123;1096,6057
M123;1096,6057
M124;6455,3222
M124;6455,3222
M124;6455,3222
M125;22322,7253
M125;22322,7253
M125;22322,7253
M126;498742,8237
M126;498742,8237
M126;498742,8237
M127;5750,4288
M127;5750,4288
M127;5750,4288
M128;32866,0435
M128;32866,0435
M128;32866,0435
M129;19938,8592
M129;19938,8592
M129;19938,8592
M130;2259,3508
M130;2259,3508
M130;2259,3508
M131;212718,8495
M131;212718,8495
M131;212718,8495
M132;64632,4264
M132;64632,4264
M132;64632,4264
M133;3122307,086
M133;3122307,086
M133;3122307,086
M134;123769,5682
M134;123769,5682
M134;123769,5682
M135;16886,8657
M135;16886,8657
M135;16886,8657
M136;14081,739
M136;14081,739
M136;14081,739
M137;8016,5112
M137;8016,5112
M137;8016,5112
M138;13171,7554
M138;13171,7554
M138;13171,7554
M139;1570,6869
M139;1570,6869
M139;1570,6869
M140;1404,758
M140;1404,758
M140;1404,758
M141;132,0471
M141;132,0471
M141;132,0471
M142;1590,4558
M142;1590,4558
M142;1590,4558
M143;26318,3326
M143;26318,3326
M143;26318,3326
M144;938,2513
M144;938,2513
M144;938,2513
M145;431,9817
M145;431,9817
M145;431,9817
M146;5172,5882
M146;5172,5882
M146;5172,5882
M147;2910,5228
M147;2910,5228
M147;2910,5228
M148;44,8411
M148;44,8411
M148;44,8411
M149;4126,1217
M149;4126,1217
M149;4126,1217
M150;9415,0105
M150;9415,0105
M150;9415,0105
M151;40456,2416
M151;40456,2416
M151;40456,2416
M152;2060,5637
M152;2060,5637
M152;2060,5637
M153;7088,9358
M153;7088,9358
M153;7088,9358
M154;14982,3086
M154;14982,3086
M154;14982,3086
M155;3591,1282
M155;3591,1282
M155;3591,1282
M156;13644,1354
M156;13644,1354
M156;13644,1354
M157;610,8267
M157;610,8267
M157;610,8267
M158;49958,9932
M158;49958,9932
M158;49958,9932
M159;44,855
M159;44,855
M159;44,855
M160;13360,9607
M160;13360,9607
M160;13360,9607
M161;70846,6831
M161;70846,6831
M161;70846,6831
M162;21340,3649
M162;21340,3649
M162;
M163;3687,3978
M163;3687,3978
M163;3687,3978
M164;17831,9475
M164;17831,9475
M164;17831,9475
M165;248,3795
M165;248,3795
M165;248,3795
M166;20756,1383
M166;20756,1383
M166;20756,1383
M167;2267,7364
M167;2267,7364
M167;2267,7364
M168;7605,7071
M168;7605,7071
M168;7605,7071
M169;927,5573
M169;927,5573
M169;927,5573
M170;8880,0924
M170;8880,0924
M170;8880,0924
M171;469288,9325
M171;469288,9325
M171;469288,9325
M172;1775,5884
M172;1775,5884
M172;1775,5884
M173;3571,1144
M173;3571,1144
M173;3571,1144
M174;7119,3319
M174;7119,3319
M174;7119,3319
M175;33085,597
M175;33085,597
M175;33085,597
M176;112,2474
M176;112,2474
M176;112,2474
M178;3676,0201
M178;3676,0201
M178;3676,0201
M179;31338,7789
M179;31338,7789
M179;31338,7789
M180;8788,3747
M180;8788,3747
M180;8788,3747
M181;10593,0164
M181;10593,0164
M181;10593,0164
M182;92,6743
M182;92,6743
M182;92,6743
M183;51304,3952
M183;51304,3952
M183;51304,3952
M184;22,7629
M184;22,7629
M184;22,7629
M185;9525,7331
M185;9525,7331
M185;9525,7331
M186;97351,2607
M186;97351,2607
M186;97351,2607
M187;103484,3976
M187;103484,3976
M187;103484,3976
MP1ExBl;0,043
MP1ExBl;0,043
MP1ExBl;0,043
MP2ExBl;15,2275
MP2ExBl;15,2275
MP2ExBl;15,2275